breed,color
domestic shorthair,orange
domestic shorthair,blue /white
domestic shorthair,white/black
domestic mediumhair,black/white
domestic shorthair,black/white
domestic shorthair,brown
domestic shorthair,brown /white
domestic shorthair,black
domestic shorthair,orange
domestic mediumhair,black/white
siamese,seal
domestic shorthair,black
domestic shorthair,
domestic shorthair,black
domestic shorthair,black
domestic mediumhair,orange
russian blue,blue
domestic shorthair,cream /white
russian blue,blue
domestic shorthair,
domestic mediumhair,brown
domestic shorthair,
domestic shorthair,chocolate
domestic shorthair,brown
domestic shorthair,brown /white
domestic shorthair,
domestic mediumhair,brown
domestic shorthair,blue /white
domestic shorthair,black/white
domestic shorthair,black/white
domestic shorthair,orange
domestic shorthair,brown
domestic shorthair,brown
domestic shorthair,blue
domestic shorthair,black
domestic longhair,brown
domestic shorthair,orange
domestic shorthair,brown
domestic shorthair,white/black
domestic mediumhair,black/white
domestic shorthair,orange
domestic shorthair,brown
domestic shorthair,orange
domestic shorthair,brown /white
domestic shorthair,black/white
domestic shorthair,black/white
domestic shorthair,orange
domestic shorthair,blue /white
domestic shorthair,
domestic shorthair,orange /white
domestic shorthair,blue/white
domestic shorthair,blue
domestic shorthair,brown
domestic shorthair,orange /white
domestic shorthair,orange /white
domestic shorthair,orange
domestic shorthair,silver
domestic shorthair,blue
domestic shorthair,brown
domestic shorthair,brown
domestic shorthair,black
siamese,flame
domestic shorthair,brown
domestic longhair,black
domestic shorthair,orange /white
domestic shorthair,black
domestic shorthair,brown
domestic shorthair,
domestic longhair,orange
domestic shorthair,white/orange
domestic shorthair,blue
domestic shorthair,black/white
siamese,seal
domestic shorthair,
domestic shorthair,blue/white
domestic shorthair,blue /white
domestic shorthair,blue
domestic shorthair,black/white
domestic mediumhair,orange
domestic shorthair,
domestic shorthair,
domestic mediumhair,cream
domestic shorthair,
domestic shorthair,
domestic shorthair,
manx,brown /white
domestic shorthair,orange
domestic mediumhair,brown
siamese,lynx
domestic longhair,blue/white
siamese,lynx
domestic mediumhair,
domestic shorthair,black
domestic shorthair,blue
domestic shorthair,cream
domestic longhair,brown
domestic shorthair,cream
domestic shorthair,
domestic mediumhair,orange /white
domestic shorthair,brown
domestic longhair,black
domestic shorthair,orange
domestic shorthair,
domestic shorthair,
domestic shorthair,brown
domestic mediumhair,brown
domestic shorthair,brown
domestic shorthair,white/black
domestic shorthair,blue
domestic mediumhair,
domestic shorthair,brown /white
ragdoll,
domestic shorthair,blue
domestic shorthair,black
domestic shorthair,
domestic shorthair,black
domestic shorthair,brown
domestic mediumhair,black
domestic shorthair,blue
domestic shorthair,brown /white
domestic shorthair,black/white
domestic shorthair,black/white
siamese,lynx
domestic shorthair,orange/white
domestic mediumhair,cream
domestic shorthair,
domestic shorthair,
domestic mediumhair,
domestic shorthair,brown
domestic shorthair,brown
domestic shorthair,/white
domestic shorthair,black/white
domestic longhair,blue/white
domestic shorthair,orange /white
domestic shorthair,black
domestic mediumhair,orange /white
domestic shorthair,brown /white
domestic shorthair,black
domestic shorthair,white/black
domestic shorthair,black
domestic shorthair,
domestic shorthair,black
domestic longhair,white
domestic shorthair,orange /white
domestic shorthair,black
domestic shorthair,
domestic shorthair,brown
domestic shorthair,
domestic shorthair,black
domestic shorthair,
siamese,
siamese,flame
domestic mediumhair,black
domestic shorthair,black
domestic shorthair,white/blue
domestic shorthair,white/blue
domestic shorthair,black/white
domestic shorthair,
siamese,
domestic shorthair,white/black
domestic shorthair,cream
domestic shorthair,white/black
domestic shorthair,black
domestic shorthair,cream
domestic shorthair,blue
domestic shorthair,brown
domestic shorthair,cream
domestic shorthair,brown
domestic mediumhair,black/white
domestic shorthair,
domestic mediumhair,orange
domestic shorthair,brown
domestic shorthair,
domestic shorthair,
domestic shorthair,brown
domestic shorthair,white/blue
domestic shorthair,brown
domestic shorthair,blue/white
domestic mediumhair,black/white
domestic mediumhair,black/white
domestic longhair,
domestic shorthair,black/white
domestic shorthair,
domestic shorthair,blue
domestic longhair,black
domestic shorthair,orange
domestic shorthair,orange /white
siamese,seal
domestic shorthair,brown
domestic shorthair,brown
domestic shorthair,orange /white
siamese,flame
domestic shorthair,
domestic shorthair,brown /white
domestic shorthair,blue/white
domestic shorthair,
domestic shorthair,brown
domestic mediumhair,
domestic shorthair,blue
domestic shorthair,blue
domestic shorthair,blue
domestic shorthair,brown
domestic shorthair,brown
snowshoe/domestic shorthair,white/seal
domestic shorthair,white
domestic shorthair,black/white
domestic shorthair,blue
domestic shorthair,/
domestic shorthair,brown
domestic shorthair,brown /white
domestic shorthair,black/white
domestic shorthair,blue
domestic mediumhair,blue
domestic shorthair,orange /white
domestic shorthair,black
domestic shorthair,brown
domestic shorthair,
domestic shorthair,
domestic shorthair,black/white
domestic shorthair,
domestic longhair,orange /white
domestic shorthair,orange
domestic shorthair,black
domestic shorthair,brown
domestic shorthair,brown
domestic shorthair,cream
domestic shorthair,brown /white
domestic shorthair,black
domestic shorthair,cream
russian blue,blue
domestic shorthair,blue /white
domestic shorthair,
domestic shorthair,brown /white
domestic mediumhair,black
domestic shorthair,blue /white
siamese,flame
domestic shorthair,brown
domestic shorthair,
domestic mediumhair,brown /white
domestic shorthair,blue /white
domestic shorthair,black
domestic shorthair,blue/white
domestic shorthair,brown
domestic shorthair,
domestic shorthair,brown /white
domestic shorthair,blue
domestic shorthair,brown
domestic mediumhair,brown /white
domestic shorthair,orange /white
domestic shorthair,brown
domestic shorthair,black/white
domestic shorthair,
domestic shorthair,orange
domestic shorthair,brown /white
domestic shorthair,brown
domestic shorthair,orange
snowshoe,seal /white
domestic shorthair,black/white
domestic shorthair,brown
domestic shorthair,black
domestic shorthair,brown
domestic shorthair,brown
domestic shorthair,brown /white
domestic shorthair,brown /white
domestic shorthair,
domestic mediumhair,
domestic shorthair,blue
domestic shorthair,black
domestic shorthair,black
domestic shorthair,blue/white
domestic shorthair,orange /white
domestic shorthair,brown
domestic shorthair,
domestic shorthair,orange
domestic shorthair,orange /white
domestic longhair,blue/white
domestic shorthair,white
domestic shorthair,orange
domestic shorthair,brown /white
domestic shorthair,blue/white
domestic shorthair,brown
domestic shorthair,black
domestic shorthair,black
domestic shorthair,blue
domestic shorthair,
domestic shorthair,
domestic shorthair,orange/white
domestic shorthair,brown
domestic shorthair,brown /white
domestic shorthair,black
domestic shorthair,
domestic shorthair,brown
domestic shorthair,white
domestic shorthair,
domestic shorthair,brown
domestic shorthair,black/white
domestic shorthair,brown
domestic shorthair,
domestic shorthair,blue /white
domestic shorthair,blue
domestic shorthair,brown /white
domestic shorthair,orange /white
domestic shorthair,black/white
domestic mediumhair,blue
domestic shorthair,flame
domestic shorthair,blue/white
domestic shorthair,
domestic shorthair,orange
siamese,lilac
domestic mediumhair,blue/white
domestic shorthair,black
domestic shorthair,
domestic shorthair,orange /white
domestic shorthair,
domestic shorthair,blue
manx,cream
siamese,lynx
domestic shorthair,orange
domestic shorthair,orange
domestic shorthair,black
domestic shorthair,orange
domestic shorthair,brown /white
domestic shorthair,
domestic mediumhair,blue /white
siamese,seal
domestic shorthair,
domestic shorthair,blue
domestic shorthair,black
domestic shorthair,
domestic shorthair,black
domestic longhair,blue/white
domestic shorthair,
domestic shorthair,brown /white
domestic shorthair,orange
domestic shorthair,black
siamese,seal
domestic shorthair,blue
domestic shorthair,black
domestic mediumhair,
domestic shorthair,brown /white
domestic shorthair,blue
domestic shorthair,brown
domestic shorthair,brown /white
domestic shorthair,orange
domestic shorthair,brown /white
domestic shorthair,brown
domestic shorthair,
domestic shorthair,black
domestic shorthair,brown /white
domestic shorthair,orange
domestic shorthair,white/blue
domestic shorthair,blue
domestic longhair,
domestic shorthair,white/brown
domestic shorthair,white/brown
domestic shorthair,white/black
domestic shorthair,
domestic shorthair,black/white
domestic shorthair,brown
domestic shorthair,cream
domestic shorthair,orange /white
domestic shorthair,brown
domestic shorthair,orange
domestic shorthair,brown
domestic shorthair,black
domestic shorthair,brown
domestic shorthair,white/orange
domestic shorthair,black/white
domestic shorthair,cream
domestic shorthair,brown /white
domestic shorthair,blue
domestic shorthair,black/white
domestic shorthair,orange
domestic shorthair,brown /white
domestic shorthair,buff
domestic shorthair,black/white
domestic shorthair,blue
domestic shorthair,brown
domestic shorthair,brown
domestic shorthair,brown
domestic shorthair,white/black
domestic shorthair,black/white
domestic shorthair,black
domestic shorthair,black/white
domestic shorthair,blue
domestic longhair,white/black
domestic shorthair,orange /white
domestic shorthair,
domestic shorthair,black
domestic mediumhair,blue
domestic shorthair,black
domestic longhair,brown
domestic shorthair,
domestic shorthair,blue /black
domestic shorthair,white/blue
domestic shorthair,black
russian blue,blue
domestic shorthair,blue
domestic shorthair,black
domestic shorthair,brown /white
domestic shorthair,orange /white
domestic shorthair,brown
angora,white
domestic shorthair,brown
domestic shorthair,black/white
domestic shorthair,orange /white
domestic shorthair,blue/white
domestic shorthair,black/white
domestic mediumhair,black/white
domestic shorthair,brown /white
domestic shorthair,/blue cream
domestic shorthair,orange
domestic shorthair,blue cream
domestic shorthair,black
domestic shorthair,black
domestic shorthair,brown
domestic shorthair,blue
domestic shorthair,brown /white
domestic shorthair,brown
domestic shorthair,brown
domestic shorthair,black/white
domestic shorthair,brown
domestic shorthair,blue
domestic shorthair,black/white
domestic shorthair,brown
manx,
domestic shorthair,orange
domestic shorthair,black
domestic shorthair,orange
domestic shorthair,blue
domestic shorthair,orange
domestic shorthair,brown
domestic shorthair,brown
domestic shorthair,brown
himalayan,lynx
domestic shorthair,black/white
domestic shorthair,cream
domestic shorthair,white/blue
domestic shorthair,
domestic shorthair,black /white
siamese,seal
domestic shorthair,brown
domestic shorthair,brown
domestic shorthair,brown /white
domestic shorthair,cream
siamese,lynx
domestic shorthair,orange
domestic mediumhair,black/white
domestic shorthair,orange /white
domestic shorthair,orange
domestic shorthair,blue
domestic shorthair,white/black
domestic shorthair,
domestic shorthair,black/white
russian blue,blue
manx,blue
domestic shorthair,brown
domestic mediumhair,orange /white
domestic shorthair,black
domestic shorthair,blue
domestic shorthair,blue/white
domestic shorthair,blue
siamese,flame
domestic shorthair,black/white
domestic shorthair,brown
domestic shorthair,brown
domestic mediumhair,blue/white
domestic shorthair,white/blue
domestic longhair,blue
domestic shorthair,white
domestic shorthair,
domestic shorthair,black
domestic longhair,brown
domestic shorthair,
domestic shorthair,
domestic longhair,brown
domestic shorthair,black
domestic shorthair,black
domestic shorthair,brown /white
angora,white
domestic shorthair,brown /white
domestic shorthair,brown
domestic shorthair,blue/white
domestic shorthair,
domestic shorthair,black
domestic mediumhair,orange
siamese,flame
domestic shorthair,black
snowshoe,seal
domestic shorthair,orange
domestic shorthair,
domestic shorthair,brown /white
himalayan,flame
domestic longhair,
domestic shorthair,white
domestic longhair,black
domestic shorthair,orange
domestic shorthair,brown /white
domestic shorthair,brown /white
siamese,flame
domestic shorthair,black/white
domestic shorthair,blue /white
domestic shorthair,brown
domestic shorthair,brown /white
domestic shorthair,orange
domestic shorthair,orange
domestic shorthair,brown
domestic shorthair,black/white
domestic mediumhair,white/brown
siamese,lynx
domestic shorthair,brown /white
domestic shorthair,brown
domestic shorthair,black
domestic shorthair,blue
domestic mediumhair,brown
domestic shorthair,orange
domestic shorthair,black
domestic longhair,white
domestic shorthair,black/white
domestic shorthair,white/brown
domestic shorthair,
russian blue,blue
domestic mediumhair,black
domestic shorthair,
domestic shorthair,black
domestic shorthair,blue/white
domestic shorthair,
domestic shorthair,
domestic longhair,brown /white
domestic shorthair,orange
domestic shorthair,cream
domestic shorthair,black
domestic shorthair,brown /white
domestic shorthair,blue
domestic longhair,black
domestic shorthair,blue
domestic shorthair,orange
domestic shorthair,
domestic shorthair,brown /white
domestic shorthair,black/white
domestic shorthair,cream /white
domestic shorthair,black
domestic shorthair,blue
domestic shorthair,/white
domestic shorthair,blue
domestic shorthair,blue/white
domestic shorthair,
domestic mediumhair,black/white
domestic shorthair,
domestic shorthair,blue/white
domestic shorthair,orange
siamese,seal
domestic shorthair,orange
domestic shorthair,
domestic shorthair,white
domestic shorthair,orange /white
domestic shorthair,brown /white
domestic shorthair,blue
domestic shorthair,orange
domestic longhair,black
domestic longhair,white/black
domestic shorthair,white
siamese,white/lynx
domestic shorthair,blue
domestic shorthair,brown
domestic shorthair,blue/white
domestic mediumhair,orange
domestic shorthair,orange /white
siamese,flame
domestic shorthair,brown /white
domestic shorthair,orange
domestic longhair,
domestic shorthair,brown /white
domestic shorthair,black
domestic shorthair,orange
domestic shorthair,cream
domestic shorthair,white/orange
domestic shorthair,white/black
domestic shorthair,brown /white
domestic shorthair,brown /white
domestic shorthair,orange
domestic shorthair,black/white
domestic shorthair,brown
domestic shorthair,black
domestic mediumhair,
domestic shorthair,
domestic shorthair,black/white
siamese,flame
domestic longhair/persian,blue cream
domestic shorthair,white/black
domestic shorthair,
domestic shorthair,brown
domestic shorthair,black/white
domestic shorthair,blue
domestic mediumhair,white
domestic shorthair,brown
domestic shorthair,blue
domestic mediumhair,black/white
domestic shorthair,brown /white
manx,brown
domestic shorthair,
domestic shorthair,black/white
domestic shorthair,orange
domestic mediumhair,brown
domestic shorthair,blue
domestic shorthair,white/blue
domestic shorthair,orange
domestic shorthair,black
domestic shorthair,brown /white
domestic shorthair,brown
domestic shorthair,black/white
domestic shorthair,black/white
domestic mediumhair,orange /white
domestic shorthair,cream
siamese,silver lynx
snowshoe,blue
domestic shorthair,brown
domestic shorthair,/white
domestic shorthair,
domestic shorthair,cream /white
domestic shorthair,orange
domestic shorthair,orange
siamese,
domestic shorthair,orange
domestic shorthair,brown
domestic shorthair,orange
domestic shorthair,orange
domestic shorthair,silver
domestic longhair,orange
japanese bobtail,blue
domestic mediumhair,buff
domestic shorthair,blue
domestic shorthair,
domestic shorthair,gray
domestic shorthair,black/white
domestic shorthair,
domestic shorthair,black
domestic shorthair,blue
domestic longhair,black/white
domestic shorthair,black
domestic mediumhair,black
domestic longhair,brown /white
domestic shorthair,white/brown
domestic shorthair,black
domestic shorthair,black
domestic shorthair,blue
domestic shorthair,blue/white
domestic shorthair,
domestic shorthair,orange
domestic shorthair,brown
siamese,blue
domestic shorthair,
domestic shorthair,brown
domestic shorthair,blue
domestic shorthair,black
domestic shorthair,brown /white
domestic shorthair,orange
domestic mediumhair,black
domestic mediumhair,cream
domestic shorthair,black/white
domestic shorthair,orange
domestic shorthair,gray /white
domestic shorthair,orange /white
snowshoe,
domestic shorthair,white/black
domestic shorthair,black/white
domestic shorthair,black
domestic shorthair,blue
domestic shorthair,
domestic shorthair,blue
domestic shorthair,
domestic shorthair,blue /white
domestic shorthair,black
domestic shorthair,brown
domestic mediumhair,white
domestic longhair,cream
domestic shorthair,brown
domestic shorthair,
domestic mediumhair,blue
domestic shorthair,
siamese,flame
domestic shorthair,
domestic shorthair,orange
domestic shorthair,brown /white
domestic shorthair,blue /white
domestic shorthair,orange
domestic shorthair,brown
domestic shorthair,orange /white
domestic shorthair,orange /white
domestic shorthair,brown /white
domestic shorthair,blue
domestic shorthair,
siamese,flame
domestic shorthair,blue
domestic shorthair,blue /white
domestic shorthair,orange
domestic mediumhair,black
domestic mediumhair,brown
domestic longhair,
domestic shorthair,black
domestic shorthair,orange
domestic shorthair,black/white
domestic shorthair,brown
domestic shorthair,black
domestic shorthair,black
domestic shorthair,black/white
domestic shorthair,black/white
angora,blue
domestic shorthair,
domestic shorthair,brown
domestic shorthair,chocolate/black
domestic shorthair,gray/white
domestic shorthair,cream
domestic mediumhair,brown /white
domestic shorthair,brown /white
domestic shorthair,brown /white
domestic shorthair,brown
snowshoe,seal
domestic mediumhair,orange
domestic shorthair,brown
domestic shorthair,black
domestic shorthair,brown
domestic shorthair,cream
domestic shorthair,
domestic shorthair,brown
domestic shorthair,white/black
domestic shorthair,brown
domestic shorthair,black/white
domestic mediumhair,blue
domestic shorthair,black
domestic shorthair,blue
domestic mediumhair,brown /white
domestic shorthair,blue
domestic shorthair,cream
domestic shorthair,white/brown
domestic shorthair,lynx
domestic shorthair,orange
domestic shorthair,blue/white
domestic shorthair,gray /white
domestic mediumhair,black
domestic mediumhair,orange
domestic shorthair,black
domestic shorthair,brown
domestic shorthair,
domestic shorthair,brown
domestic mediumhair,cream
domestic shorthair,
domestic shorthair,
domestic mediumhair,orange /white
domestic shorthair,white/black
domestic shorthair,black
domestic shorthair,orange /white
domestic shorthair,black
domestic shorthair,black
domestic mediumhair,
domestic shorthair,brown
domestic shorthair,black
domestic shorthair,brown /white
domestic shorthair,yellow
domestic shorthair,orange
domestic shorthair,white/brown
domestic shorthair,
domestic shorthair,orange /white
domestic shorthair,
domestic shorthair,brown /white
domestic shorthair,orange /white
domestic shorthair,cream
domestic shorthair,orange
domestic shorthair,black
domestic mediumhair,blue/white
domestic longhair,blue
domestic shorthair,black/white
domestic shorthair,black/white
domestic shorthair,blue
domestic shorthair,black/white
domestic shorthair,
siamese,lynx
domestic shorthair,black/white
domestic shorthair,
siamese,flame
domestic shorthair,white
domestic shorthair,orange
domestic longhair/rex,
domestic longhair,blue
siamese/domestic shorthair,seal
domestic shorthair,brown
domestic shorthair,black
domestic shorthair,black
domestic shorthair,black/white
domestic shorthair,brown /white
domestic shorthair,brown
siamese,lynx
domestic shorthair,brown
domestic shorthair,orange
siamese,lilac
domestic shorthair,brown /white
domestic mediumhair,brown /white
domestic shorthair,cream
domestic shorthair,orange /white
domestic shorthair,/white
domestic longhair,black/white
domestic mediumhair,silver
domestic shorthair,orange
domestic shorthair,blue/white
domestic shorthair,brown /white
domestic shorthair,cream
domestic shorthair,cream
domestic shorthair,black
domestic shorthair,cream
domestic longhair,blue
domestic shorthair,black
domestic shorthair,brown /white
domestic shorthair,orange
domestic shorthair,
domestic shorthair,blue
domestic shorthair,brown
domestic shorthair,blue /white
domestic shorthair,brown /white
domestic shorthair,brown /white
domestic shorthair,orange /white
siamese,flame
domestic mediumhair,brown /white
domestic shorthair,blue/white
domestic shorthair,black/white
siamese,lilac
domestic shorthair,orange /white
domestic shorthair,orange
domestic shorthair,brown
domestic shorthair,
domestic shorthair,brown
domestic longhair,gray
domestic shorthair,brown
domestic shorthair,brown /white
domestic shorthair,silver
domestic shorthair,flame
domestic shorthair,blue/white
domestic shorthair,brown /white
domestic shorthair,brown /white
domestic shorthair,brown /white
domestic mediumhair/siamese,lynx
domestic shorthair,blue
domestic shorthair,cream
domestic shorthair,blue
domestic shorthair,brown /white
domestic shorthair,
domestic shorthair,black/white
domestic shorthair,brown /white
domestic shorthair,black/white
domestic shorthair,brown
domestic shorthair,white/black
domestic shorthair,orange
domestic shorthair,
domestic shorthair,
domestic shorthair,brown
domestic shorthair,orange /white
domestic shorthair,orange
domestic shorthair,brown
domestic shorthair,black/white
domestic shorthair,brown
domestic shorthair,brown
domestic shorthair,brown
domestic shorthair,orange /white
domestic shorthair,
domestic shorthair,brown
domestic shorthair,orange
domestic shorthair,orange /white
domestic shorthair,/white
domestic shorthair,black
domestic shorthair,black
domestic shorthair,brown /white
domestic shorthair,orange
domestic shorthair,
domestic shorthair,brown
domestic shorthair,orange
domestic shorthair,black
domestic shorthair,/blue
domestic mediumhair,brown
manx,black/white
domestic shorthair,blue
domestic shorthair,
domestic shorthair,brown /white
domestic shorthair,blue
domestic mediumhair,black/white
domestic shorthair,cream
domestic shorthair,black/white
domestic shorthair,black/white
domestic shorthair,blue
domestic mediumhair,black/white
domestic longhair,black
domestic shorthair,white
domestic shorthair,brown
domestic shorthair,black/white
domestic shorthair,black/white
domestic shorthair,black
domestic shorthair,brown
russian blue,blue
domestic shorthair,blue
domestic shorthair,black
domestic shorthair,black/white
domestic shorthair,brown /white
domestic shorthair,black/white
domestic shorthair,cream /white
domestic shorthair,brown
domestic shorthair,
domestic shorthair,black
domestic shorthair,black
domestic shorthair,brown
domestic shorthair,brown /white
domestic shorthair,black
domestic shorthair,blue/white
domestic shorthair,brown /white
domestic shorthair,gray
domestic shorthair,black/white
domestic shorthair,/white
domestic shorthair,
domestic shorthair,brown /white
domestic shorthair,orange
domestic shorthair,black
domestic shorthair,blue /white
domestic shorthair,brown /white
domestic mediumhair,brown
domestic shorthair,brown
domestic shorthair,brown
maine coon,brown
domestic shorthair,black
domestic shorthair,orange /white
domestic shorthair,white
domestic shorthair,black
domestic shorthair,cream
domestic shorthair,blue
domestic shorthair,orange
domestic shorthair,white/red
domestic shorthair,white
domestic shorthair,brown /white
domestic shorthair,brown
domestic longhair,brown
domestic longhair,black
domestic shorthair,brown /white
domestic shorthair,brown
domestic shorthair,black/white
domestic shorthair,brown
domestic shorthair,brown
domestic shorthair,
domestic shorthair,blue
domestic shorthair,white/black
domestic shorthair,brown
domestic shorthair,/white
domestic mediumhair,brown
domestic shorthair,blue
domestic shorthair,black
domestic shorthair,brown
domestic shorthair,orange
domestic shorthair,blue
domestic shorthair,black/white
domestic shorthair,
domestic shorthair,brown
domestic shorthair,brown
domestic shorthair,
domestic shorthair,black
domestic shorthair,
domestic shorthair,blue
domestic shorthair,
domestic shorthair,black
domestic shorthair,orange /white
domestic shorthair,black/white
domestic shorthair,black
domestic shorthair,brown
domestic shorthair,brown
domestic shorthair,
domestic shorthair,cream
domestic shorthair,blue
domestic shorthair,black/white
domestic shorthair,black
domestic shorthair,brown /white
domestic shorthair,black/white
domestic mediumhair,black/white
domestic shorthair,black
domestic shorthair,brown /white
domestic shorthair,black/white
snowshoe,lynx
domestic shorthair,black
domestic mediumhair,brown /white
domestic shorthair,blue /white
domestic shorthair,black
domestic longhair,black
domestic shorthair,black/white
domestic shorthair,brown
domestic shorthair,
domestic shorthair,white/black
domestic shorthair,orange
domestic longhair,/white
domestic shorthair,brown /white
domestic shorthair,black/white
siamese,lilac
domestic shorthair,cream /white
domestic shorthair,/orange
domestic shorthair,black/white
domestic shorthair,orange
domestic shorthair,black /white
domestic shorthair,black/white
